text,actor,timestamp,description
"Customer reported login issue via email",Support Team,2024-01-15T09:00:00,Customer Support
"Created Jira ticket PROJ-123 for login bug",Alice (PM),2024-01-15T09:15:00,Project Management
"Assigned ticket to engineering team",Alice (PM),2024-01-15T09:20:00,Project Management
"Started investigating the issue",Bob (Dev),2024-01-15T10:00:00,Development
"Found root cause in authentication service",Bob (Dev),2024-01-15T11:30:00,Development
"Created PR #456 with fix",Bob (Dev),2024-01-15T14:00:00,Development
"Reviewed and approved PR",Carol (Senior Dev),2024-01-15T15:00:00,Code Review
"Deployed fix to production",David (DevOps),2024-01-15T16:00:00,Deployment
"Notified customer that issue is resolved",Support Team,2024-01-15T16:30:00,Customer Support
"Closed Jira ticket PROJ-123",Alice (PM),2024-01-15T17:00:00,Project Management
"Customer requested new feature in Slack",Support Team,2024-01-16T09:00:00,Feature Request
"Discussed feature requirements in standup",Product Team,2024-01-16T10:00:00,Planning
"Created epic PROJ-200 for new feature",Alice (PM),2024-01-16T11:00:00,Project Management
"Broke down epic into user stories",Alice (PM),2024-01-16T14:00:00,Project Management
"Estimated story points with team",Engineering Team,2024-01-16T15:00:00,Planning
"Started sprint with new stories",Engineering Team,2024-01-17T09:00:00,Development
"Daily standup - progress update",Engineering Team,2024-01-17T10:00:00,Standup
"Completed first user story",Bob (Dev),2024-01-17T16:00:00,Development
"Created PR for review",Bob (Dev),2024-01-17T16:30:00,Development
"Code review feedback provided",Carol (Senior Dev),2024-01-18T10:00:00,Code Review
"Addressed review comments",Bob (Dev),2024-01-18T14:00:00,Development
"PR approved and merged",Carol (Senior Dev),2024-01-18T16:00:00,Code Review
"Deployed to staging environment",David (DevOps),2024-01-18T17:00:00,Deployment
"QA testing started",QA Team,2024-01-19T09:00:00,Testing
"Found minor UI bug",QA Team,2024-01-19T11:00:00,Testing
"Fixed UI bug",Bob (Dev),2024-01-19T14:00:00,Development
"QA approved for production",QA Team,2024-01-19T16:00:00,Testing
"Deployed to production",David (DevOps),2024-01-19T17:00:00,Deployment
"Monitored metrics post-deployment",David (DevOps),2024-01-19T18:00:00,Monitoring
"Customer notified of new feature",Support Team,2024-01-20T09:00:00,Customer Support
